Date,region,alltest
2021-06-09,0,0.0
2021-06-10,0,0.0
2021-06-11,0,0.0
2021-06-12,0,0.0
2021-06-13,0,0.0
2021-06-14,0,0.0
2021-06-15,0,0.0
2021-06-16,0,0.0
2021-06-17,0,0.0
2021-06-18,0,0.0
2021-06-19,0,0.0
2021-06-20,0,0.0
2021-06-21,0,0.0
2021-06-22,0,0.0
2021-06-23,0,0.0
2021-06-24,0,0.0
2021-06-25,0,0.0
2021-06-26,0,0.0
2021-06-27,0,0.0
2021-06-09,1,0.0
2021-06-10,1,0.0
2021-06-11,1,0.0
2021-06-12,1,0.0
2021-06-13,1,0.0
2021-06-14,1,0.0
2021-06-15,1,0.0
2021-06-16,1,0.0
2021-06-17,1,0.0
2021-06-18,1,0.0
2021-06-19,1,0.0
2021-06-20,1,0.0
2021-06-21,1,0.0
2021-06-22,1,0.0
2021-06-23,1,0.0
2021-06-24,1,0.0
2021-06-25,1,0.0
2021-06-26,1,0.0
2021-06-27,1,0.0
2021-06-09,2,0.0
2021-06-10,2,0.0
2021-06-11,2,0.0
2021-06-12,2,0.0
2021-06-13,2,0.0
2021-06-14,2,0.0
2021-06-15,2,0.0
2021-06-16,2,0.0
2021-06-17,2,0.0
2021-06-18,2,0.0
2021-06-19,2,0.0
2021-06-20,2,0.0
2021-06-21,2,0.0
2021-06-22,2,0.0
2021-06-23,2,0.0
2021-06-24,2,0.0
2021-06-25,2,0.0
2021-06-26,2,0.0
2021-06-27,2,0.0
2021-06-09,3,0.0
2021-06-10,3,0.0
2021-06-11,3,0.0
2021-06-12,3,0.0
2021-06-13,3,0.0
2021-06-14,3,0.0
2021-06-15,3,0.0
2021-06-16,3,0.0
2021-06-17,3,0.0
2021-06-18,3,0.0
2021-06-19,3,0.0
2021-06-20,3,0.0
2021-06-21,3,0.0
2021-06-22,3,0.0
2021-06-23,3,0.0
2021-06-24,3,0.0
2021-06-25,3,0.0
2021-06-26,3,0.0
2021-06-27,3,0.0
2021-06-09,4,60.0
2021-06-10,4,6.0
2021-06-11,4,7.0
2021-06-12,4,8.0
2021-06-13,4,9.0
2021-06-14,4,10.0
2021-06-15,4,10.0
2021-06-16,4,10.0
2021-06-17,4,10.0
2021-06-18,4,11.0
2021-06-19,4,11.0
2021-06-20,4,11.0
2021-06-21,4,11.0
2021-06-22,4,11.0
2021-06-23,4,11.0
2021-06-24,4,11.0
2021-06-25,4,11.0
2021-06-26,4,11.0
2021-06-27,4,11.0
2021-06-09,5,1.0
2021-06-10,5,0.0
2021-06-11,5,0.0
2021-06-12,5,0.0
2021-06-13,5,0.0
2021-06-14,5,0.0
2021-06-15,5,0.0
2021-06-16,5,0.0
2021-06-17,5,0.0
2021-06-18,5,0.0
2021-06-19,5,0.0
2021-06-20,5,0.0
2021-06-21,5,0.0
2021-06-22,5,0.0
2021-06-23,5,0.0
2021-06-24,5,0.0
2021-06-25,5,0.0
2021-06-26,5,0.0
2021-06-27,5,0.0
2021-06-09,6,0.0
2021-06-10,6,0.0
2021-06-11,6,0.0
2021-06-12,6,0.0
2021-06-13,6,0.0
2021-06-14,6,0.0
2021-06-15,6,0.0
2021-06-16,6,0.0
2021-06-17,6,0.0
2021-06-18,6,0.0
2021-06-19,6,0.0
2021-06-20,6,0.0
2021-06-21,6,0.0
2021-06-22,6,0.0
2021-06-23,6,0.0
2021-06-24,6,0.0
2021-06-25,6,0.0
2021-06-26,6,0.0
2021-06-27,6,0.0
2021-06-09,7,0.0
2021-06-10,7,0.0
2021-06-11,7,0.0
2021-06-12,7,1.0
2021-06-13,7,1.0
2021-06-14,7,1.0
2021-06-15,7,1.0
2021-06-16,7,1.0
2021-06-17,7,1.0
2021-06-18,7,1.0
2021-06-19,7,1.0
2021-06-20,7,1.0
2021-06-21,7,1.0
2021-06-22,7,1.0
2021-06-23,7,1.0
2021-06-24,7,1.0
2021-06-25,7,1.0
2021-06-26,7,1.0
2021-06-27,7,1.0
2021-06-09,8,0.0
2021-06-10,8,0.0
2021-06-11,8,0.0
2021-06-12,8,0.0
2021-06-13,8,0.0
2021-06-14,8,0.0
2021-06-15,8,0.0
2021-06-16,8,0.0
2021-06-17,8,0.0
2021-06-18,8,0.0
2021-06-19,8,0.0
2021-06-20,8,0.0
2021-06-21,8,0.0
2021-06-22,8,0.0
2021-06-23,8,0.0
2021-06-24,8,0.0
2021-06-25,8,0.0
2021-06-26,8,0.0
2021-06-27,8,0.0
2021-06-09,9,2.0
2021-06-10,9,1.0
2021-06-11,9,1.0
2021-06-12,9,1.0
2021-06-13,9,1.0
2021-06-14,9,1.0
2021-06-15,9,1.0
2021-06-16,9,1.0
2021-06-17,9,0.0
2021-06-18,9,0.0
2021-06-19,9,0.0
2021-06-20,9,0.0
2021-06-21,9,0.0
2021-06-22,9,0.0
2021-06-23,9,0.0
2021-06-24,9,0.0
2021-06-25,9,0.0
2021-06-26,9,0.0
2021-06-27,9,0.0
2021-06-09,10,0.0
2021-06-10,10,0.0
2021-06-11,10,0.0
2021-06-12,10,0.0
2021-06-13,10,0.0
2021-06-14,10,0.0
2021-06-15,10,0.0
2021-06-16,10,0.0
2021-06-17,10,0.0
2021-06-18,10,0.0
2021-06-19,10,0.0
2021-06-20,10,0.0
2021-06-21,10,0.0
2021-06-22,10,0.0
2021-06-23,10,0.0
2021-06-24,10,0.0
2021-06-25,10,0.0
2021-06-26,10,0.0
2021-06-27,10,0.0
2021-06-09,11,0.0
2021-06-10,11,0.0
2021-06-11,11,0.0
2021-06-12,11,0.0
2021-06-13,11,0.0
2021-06-14,11,0.0
2021-06-15,11,0.0
2021-06-16,11,0.0
2021-06-17,11,0.0
2021-06-18,11,0.0
2021-06-19,11,0.0
2021-06-20,11,0.0
2021-06-21,11,0.0
2021-06-22,11,0.0
2021-06-23,11,0.0
2021-06-24,11,0.0
2021-06-25,11,0.0
2021-06-26,11,0.0
2021-06-27,11,0.0
2021-06-09,12,0.0
2021-06-10,12,0.0
2021-06-11,12,0.0
2021-06-12,12,0.0
2021-06-13,12,0.0
2021-06-14,12,0.0
2021-06-15,12,0.0
2021-06-16,12,0.0
2021-06-17,12,0.0
2021-06-18,12,0.0
2021-06-19,12,0.0
2021-06-20,12,0.0
2021-06-21,12,0.0
2021-06-22,12,0.0
2021-06-23,12,0.0
2021-06-24,12,0.0
2021-06-25,12,0.0
2021-06-26,12,0.0
2021-06-27,12,0.0
2021-06-09,13,3.0
2021-06-10,13,0.0
2021-06-11,13,0.0
2021-06-12,13,0.0
2021-06-13,13,1.0
2021-06-14,13,1.0
2021-06-15,13,1.0
2021-06-16,13,1.0
2021-06-17,13,1.0
2021-06-18,13,1.0
2021-06-19,13,1.0
2021-06-20,13,1.0
2021-06-21,13,1.0
2021-06-22,13,1.0
2021-06-23,13,1.0
2021-06-24,13,1.0
2021-06-25,13,1.0
2021-06-26,13,1.0
2021-06-27,13,1.0
2021-06-09,14,1.0
2021-06-10,14,1.0
2021-06-11,14,1.0
2021-06-12,14,1.0
2021-06-13,14,1.0
2021-06-14,14,1.0
2021-06-15,14,1.0
2021-06-16,14,1.0
2021-06-17,14,1.0
2021-06-18,14,1.0
2021-06-19,14,1.0
2021-06-20,14,1.0
2021-06-21,14,1.0
2021-06-22,14,1.0
2021-06-23,14,1.0
2021-06-24,14,1.0
2021-06-25,14,1.0
2021-06-26,14,1.0
2021-06-27,14,1.0
2021-06-09,15,0.0
2021-06-10,15,0.0
2021-06-11,15,0.0
2021-06-12,15,0.0
2021-06-13,15,0.0
2021-06-14,15,0.0
2021-06-15,15,0.0
2021-06-16,15,0.0
2021-06-17,15,0.0
2021-06-18,15,0.0
2021-06-19,15,0.0
2021-06-20,15,0.0
2021-06-21,15,0.0
2021-06-22,15,0.0
2021-06-23,15,0.0
2021-06-24,15,0.0
2021-06-25,15,0.0
2021-06-26,15,0.0
2021-06-27,15,0.0
2021-06-09,16,0.0
2021-06-10,16,0.0
2021-06-11,16,1.0
2021-06-12,16,1.0
2021-06-13,16,1.0
2021-06-14,16,1.0
2021-06-15,16,1.0
2021-06-16,16,1.0
2021-06-17,16,1.0
2021-06-18,16,1.0
2021-06-19,16,1.0
2021-06-20,16,1.0
2021-06-21,16,1.0
2021-06-22,16,1.0
2021-06-23,16,1.0
2021-06-24,16,1.0
2021-06-25,16,1.0
2021-06-26,16,1.0
2021-06-27,16,1.0
2021-06-09,17,2.0
2021-06-10,17,1.0
2021-06-11,17,1.0
2021-06-12,17,1.0
2021-06-13,17,1.0
2021-06-14,17,1.0
2021-06-15,17,1.0
2021-06-16,17,1.0
2021-06-17,17,1.0
2021-06-18,17,1.0
2021-06-19,17,1.0
2021-06-20,17,1.0
2021-06-21,17,1.0
2021-06-22,17,1.0
2021-06-23,17,1.0
2021-06-24,17,1.0
2021-06-25,17,1.0
2021-06-26,17,1.0
2021-06-27,17,1.0
2021-06-09,18,15.0
2021-06-10,18,4.0
2021-06-11,18,4.0
2021-06-12,18,5.0
2021-06-13,18,5.0
2021-06-14,18,5.0
2021-06-15,18,5.0
2021-06-16,18,5.0
2021-06-17,18,5.0
2021-06-18,18,5.0
2021-06-19,18,5.0
2021-06-20,18,5.0
2021-06-21,18,5.0
2021-06-22,18,5.0
2021-06-23,18,5.0
2021-06-24,18,5.0
2021-06-25,18,5.0
2021-06-26,18,5.0
2021-06-27,18,5.0
2021-06-09,19,0.0
2021-06-10,19,0.0
2021-06-11,19,0.0
2021-06-12,19,0.0
2021-06-13,19,0.0
2021-06-14,19,0.0
2021-06-15,19,0.0
2021-06-16,19,0.0
2021-06-17,19,0.0
2021-06-18,19,0.0
2021-06-19,19,0.0
2021-06-20,19,0.0
2021-06-21,19,0.0
2021-06-22,19,0.0
2021-06-23,19,0.0
2021-06-24,19,0.0
2021-06-25,19,0.0
2021-06-26,19,0.0
2021-06-27,19,0.0
2021-06-09,20,0.0
2021-06-10,20,0.0
2021-06-11,20,0.0
2021-06-12,20,0.0
2021-06-13,20,0.0
2021-06-14,20,0.0
2021-06-15,20,0.0
2021-06-16,20,0.0
2021-06-17,20,0.0
2021-06-18,20,0.0
2021-06-19,20,0.0
2021-06-20,20,0.0
2021-06-21,20,0.0
2021-06-22,20,0.0
2021-06-23,20,0.0
2021-06-24,20,0.0
2021-06-25,20,0.0
2021-06-26,20,0.0
2021-06-27,20,0.0
2021-06-09,21,0.0
2021-06-10,21,0.0
2021-06-11,21,0.0
2021-06-12,21,0.0
2021-06-13,21,0.0
2021-06-14,21,0.0
2021-06-15,21,0.0
2021-06-16,21,0.0
2021-06-17,21,0.0
2021-06-18,21,0.0
2021-06-19,21,0.0
2021-06-20,21,0.0
2021-06-21,21,0.0
2021-06-22,21,0.0
2021-06-23,21,0.0
2021-06-24,21,0.0
2021-06-25,21,0.0
2021-06-26,21,0.0
2021-06-27,21,0.0
2021-06-09,22,7.0
2021-06-10,22,0.0
2021-06-11,22,1.0
2021-06-12,22,1.0
2021-06-13,22,1.0
2021-06-14,22,1.0
2021-06-15,22,1.0
2021-06-16,22,1.0
2021-06-17,22,1.0
2021-06-18,22,1.0
2021-06-19,22,1.0
2021-06-20,22,1.0
2021-06-21,22,1.0
2021-06-22,22,1.0
2021-06-23,22,1.0
2021-06-24,22,1.0
2021-06-25,22,1.0
2021-06-26,22,1.0
2021-06-27,22,1.0
2021-06-09,23,7.0
2021-06-10,23,1.0
2021-06-11,23,1.0
2021-06-12,23,2.0
2021-06-13,23,2.0
2021-06-14,23,2.0
2021-06-15,23,2.0
2021-06-16,23,2.0
2021-06-17,23,2.0
2021-06-18,23,2.0
2021-06-19,23,2.0
2021-06-20,23,2.0
2021-06-21,23,2.0
2021-06-22,23,2.0
2021-06-23,23,2.0
2021-06-24,23,2.0
2021-06-25,23,2.0
2021-06-26,23,2.0
2021-06-27,23,2.0
2021-06-09,24,0.0
2021-06-10,24,0.0
2021-06-11,24,0.0
2021-06-12,24,0.0
2021-06-13,24,0.0
2021-06-14,24,0.0
2021-06-15,24,0.0
2021-06-16,24,0.0
2021-06-17,24,0.0
2021-06-18,24,0.0
2021-06-19,24,0.0
2021-06-20,24,0.0
2021-06-21,24,0.0
2021-06-22,24,0.0
2021-06-23,24,0.0
2021-06-24,24,0.0
2021-06-25,24,0.0
2021-06-26,24,0.0
2021-06-27,24,0.0
2021-06-09,25,49.0
2021-06-10,25,5.0
2021-06-11,25,6.0
2021-06-12,25,7.0
2021-06-13,25,8.0
2021-06-14,25,9.0
2021-06-15,25,10.0
2021-06-16,25,10.0
2021-06-17,25,11.0
2021-06-18,25,11.0
2021-06-19,25,12.0
2021-06-20,25,12.0
2021-06-21,25,12.0
2021-06-22,25,12.0
2021-06-23,25,12.0
2021-06-24,25,13.0
2021-06-25,25,13.0
2021-06-26,25,13.0
2021-06-27,25,13.0
2021-06-09,26,0.0
2021-06-10,26,0.0
2021-06-11,26,0.0
2021-06-12,26,0.0
2021-06-13,26,0.0
2021-06-14,26,0.0
2021-06-15,26,0.0
2021-06-16,26,0.0
2021-06-17,26,0.0
2021-06-18,26,0.0
2021-06-19,26,0.0
2021-06-20,26,0.0
2021-06-21,26,0.0
2021-06-22,26,0.0
2021-06-23,26,0.0
2021-06-24,26,0.0
2021-06-25,26,0.0
2021-06-26,26,0.0
2021-06-27,26,0.0
2021-06-09,27,0.0
2021-06-10,27,0.0
2021-06-11,27,0.0
2021-06-12,27,0.0
2021-06-13,27,0.0
2021-06-14,27,0.0
2021-06-15,27,0.0
2021-06-16,27,0.0
2021-06-17,27,0.0
2021-06-18,27,0.0
2021-06-19,27,0.0
2021-06-20,27,0.0
2021-06-21,27,0.0
2021-06-22,27,0.0
2021-06-23,27,0.0
2021-06-24,27,0.0
2021-06-25,27,0.0
2021-06-26,27,0.0
2021-06-27,27,0.0
2021-06-09,28,0.0
2021-06-10,28,0.0
2021-06-11,28,0.0
2021-06-12,28,0.0
2021-06-13,28,0.0
2021-06-14,28,0.0
2021-06-15,28,0.0
2021-06-16,28,0.0
2021-06-17,28,0.0
2021-06-18,28,0.0
2021-06-19,28,0.0
2021-06-20,28,0.0
2021-06-21,28,0.0
2021-06-22,28,0.0
2021-06-23,28,0.0
2021-06-24,28,0.0
2021-06-25,28,0.0
2021-06-26,28,0.0
2021-06-27,28,0.0
2021-06-09,29,81.0
2021-06-10,29,23.0
2021-06-11,29,22.0
2021-06-12,29,21.0
2021-06-13,29,20.0
2021-06-14,29,19.0
2021-06-15,29,18.0
2021-06-16,29,18.0
2021-06-17,29,17.0
2021-06-18,29,17.0
2021-06-19,29,17.0
2021-06-20,29,17.0
2021-06-21,29,16.0
2021-06-22,29,16.0
2021-06-23,29,16.0
2021-06-24,29,16.0
2021-06-25,29,16.0
2021-06-26,29,16.0
2021-06-27,29,16.0
2021-06-09,30,56.0
2021-06-10,30,11.0
2021-06-11,30,12.0
2021-06-12,30,12.0
2021-06-13,30,13.0
2021-06-14,30,13.0
2021-06-15,30,13.0
2021-06-16,30,13.0
2021-06-17,30,14.0
2021-06-18,30,14.0
2021-06-19,30,14.0
2021-06-20,30,14.0
2021-06-21,30,14.0
2021-06-22,30,14.0
2021-06-23,30,15.0
2021-06-24,30,15.0
2021-06-25,30,15.0
2021-06-26,30,15.0
2021-06-27,30,15.0
2021-06-09,31,0.0
2021-06-10,31,0.0
2021-06-11,31,0.0
2021-06-12,31,0.0
2021-06-13,31,0.0
2021-06-14,31,0.0
2021-06-15,31,0.0
2021-06-16,31,0.0
2021-06-17,31,0.0
2021-06-18,31,0.0
2021-06-19,31,0.0
2021-06-20,31,0.0
2021-06-21,31,0.0
2021-06-22,31,0.0
2021-06-23,31,0.0
2021-06-24,31,0.0
2021-06-25,31,0.0
2021-06-26,31,0.0
2021-06-27,31,0.0
2021-06-09,32,101.0
2021-06-10,32,9.0
2021-06-11,32,11.0
2021-06-12,32,12.0
2021-06-13,32,12.0
2021-06-14,32,13.0
2021-06-15,32,13.0
2021-06-16,32,14.0
2021-06-17,32,14.0
2021-06-18,32,14.0
2021-06-19,32,14.0
2021-06-20,32,15.0
2021-06-21,32,15.0
2021-06-22,32,15.0
2021-06-23,32,15.0
2021-06-24,32,15.0
2021-06-25,32,15.0
2021-06-26,32,15.0
2021-06-27,32,15.0
2021-06-09,33,1.0
2021-06-10,33,0.0
2021-06-11,33,0.0
2021-06-12,33,0.0
2021-06-13,33,0.0
2021-06-14,33,0.0
2021-06-15,33,0.0
2021-06-16,33,0.0
2021-06-17,33,0.0
2021-06-18,33,0.0
2021-06-19,33,0.0
2021-06-20,33,0.0
2021-06-21,33,0.0
2021-06-22,33,0.0
2021-06-23,33,0.0
2021-06-24,33,0.0
2021-06-25,33,0.0
2021-06-26,33,0.0
2021-06-27,33,0.0
2021-06-09,34,0.0
2021-06-10,34,0.0
2021-06-11,34,0.0
2021-06-12,34,0.0
2021-06-13,34,0.0
2021-06-14,34,0.0
2021-06-15,34,0.0
2021-06-16,34,0.0
2021-06-17,34,0.0
2021-06-18,34,0.0
2021-06-19,34,0.0
2021-06-20,34,0.0
2021-06-21,34,0.0
2021-06-22,34,0.0
2021-06-23,34,0.0
2021-06-24,34,0.0
2021-06-25,34,0.0
2021-06-26,34,0.0
2021-06-27,34,0.0
2021-06-09,35,0.0
2021-06-10,35,0.0
2021-06-11,35,0.0
2021-06-12,35,0.0
2021-06-13,35,0.0
2021-06-14,35,0.0
2021-06-15,35,0.0
2021-06-16,35,0.0
2021-06-17,35,0.0
2021-06-18,35,0.0
2021-06-19,35,0.0
2021-06-20,35,0.0
2021-06-21,35,0.0
2021-06-22,35,0.0
2021-06-23,35,0.0
2021-06-24,35,0.0
2021-06-25,35,0.0
2021-06-26,35,0.0
2021-06-27,35,0.0
2021-06-09,36,0.0
2021-06-10,36,0.0
2021-06-11,36,0.0
2021-06-12,36,0.0
2021-06-13,36,0.0
2021-06-14,36,0.0
2021-06-15,36,0.0
2021-06-16,36,0.0
2021-06-17,36,0.0
2021-06-18,36,0.0
2021-06-19,36,0.0
2021-06-20,36,0.0
2021-06-21,36,0.0
2021-06-22,36,0.0
2021-06-23,36,0.0
2021-06-24,36,0.0
2021-06-25,36,0.0
2021-06-26,36,0.0
2021-06-27,36,0.0
2021-06-09,37,0.0
2021-06-10,37,0.0
2021-06-11,37,0.0
2021-06-12,37,0.0
2021-06-13,37,0.0
2021-06-14,37,0.0
2021-06-15,37,0.0
2021-06-16,37,0.0
2021-06-17,37,0.0
2021-06-18,37,0.0
2021-06-19,37,0.0
2021-06-20,37,0.0
2021-06-21,37,0.0
2021-06-22,37,0.0
2021-06-23,37,0.0
2021-06-24,37,0.0
2021-06-25,37,0.0
2021-06-26,37,0.0
2021-06-27,37,0.0
2021-06-09,38,0.0
2021-06-10,38,0.0
2021-06-11,38,1.0
2021-06-12,38,1.0
2021-06-13,38,1.0
2021-06-14,38,1.0
2021-06-15,38,1.0
2021-06-16,38,1.0
2021-06-17,38,1.0
2021-06-18,38,1.0
2021-06-19,38,1.0
2021-06-20,38,1.0
2021-06-21,38,1.0
2021-06-22,38,1.0
2021-06-23,38,1.0
2021-06-24,38,1.0
2021-06-25,38,1.0
2021-06-26,38,1.0
2021-06-27,38,1.0
2021-06-09,39,0.0
2021-06-10,39,0.0
2021-06-11,39,0.0
2021-06-12,39,0.0
2021-06-13,39,0.0
2021-06-14,39,0.0
2021-06-15,39,0.0
2021-06-16,39,0.0
2021-06-17,39,0.0
2021-06-18,39,0.0
2021-06-19,39,0.0
2021-06-20,39,0.0
2021-06-21,39,0.0
2021-06-22,39,0.0
2021-06-23,39,0.0
2021-06-24,39,0.0
2021-06-25,39,0.0
2021-06-26,39,0.0
2021-06-27,39,0.0
2021-06-09,40,2.0
2021-06-10,40,1.0
2021-06-11,40,1.0
2021-06-12,40,1.0
2021-06-13,40,0.0
2021-06-14,40,0.0
2021-06-15,40,0.0
2021-06-16,40,0.0
2021-06-17,40,0.0
2021-06-18,40,0.0
2021-06-19,40,0.0
2021-06-20,40,0.0
2021-06-21,40,0.0
2021-06-22,40,0.0
2021-06-23,40,0.0
2021-06-24,40,0.0
2021-06-25,40,0.0
2021-06-26,40,0.0
2021-06-27,40,0.0
2021-06-09,41,1.0
2021-06-10,41,0.0
2021-06-11,41,0.0
2021-06-12,41,0.0
2021-06-13,41,0.0
2021-06-14,41,0.0
2021-06-15,41,0.0
2021-06-16,41,0.0
2021-06-17,41,0.0
2021-06-18,41,0.0
2021-06-19,41,0.0
2021-06-20,41,0.0
2021-06-21,41,0.0
2021-06-22,41,0.0
2021-06-23,41,0.0
2021-06-24,41,0.0
2021-06-25,41,0.0
2021-06-26,41,0.0
2021-06-27,41,0.0
2021-06-09,42,3.0
2021-06-10,42,0.0
2021-06-11,42,0.0
2021-06-12,42,0.0
2021-06-13,42,0.0
2021-06-14,42,0.0
2021-06-15,42,0.0
2021-06-16,42,0.0
2021-06-17,42,0.0
2021-06-18,42,0.0
2021-06-19,42,0.0
2021-06-20,42,0.0
2021-06-21,42,0.0
2021-06-22,42,0.0
2021-06-23,42,0.0
2021-06-24,42,0.0
2021-06-25,42,0.0
2021-06-26,42,0.0
2021-06-27,42,0.0
2021-06-09,43,0.0
2021-06-10,43,0.0
2021-06-11,43,0.0
2021-06-12,43,0.0
2021-06-13,43,0.0
2021-06-14,43,0.0
2021-06-15,43,0.0
2021-06-16,43,0.0
2021-06-17,43,0.0
2021-06-18,43,0.0
2021-06-19,43,0.0
2021-06-20,43,0.0
2021-06-21,43,0.0
2021-06-22,43,0.0
2021-06-23,43,0.0
2021-06-24,43,0.0
2021-06-25,43,0.0
2021-06-26,43,0.0
2021-06-27,43,0.0
2021-06-09,44,0.0
2021-06-10,44,0.0
2021-06-11,44,0.0
2021-06-12,44,0.0
2021-06-13,44,0.0
2021-06-14,44,0.0
2021-06-15,44,0.0
2021-06-16,44,0.0
2021-06-17,44,0.0
2021-06-18,44,0.0
2021-06-19,44,0.0
2021-06-20,44,0.0
2021-06-21,44,0.0
2021-06-22,44,0.0
2021-06-23,44,0.0
2021-06-24,44,0.0
2021-06-25,44,0.0
2021-06-26,44,0.0
2021-06-27,44,0.0
2021-06-09,45,258.0
2021-06-10,45,69.0
2021-06-11,45,69.0
2021-06-12,45,70.0
2021-06-13,45,71.0
2021-06-14,45,71.0
2021-06-15,45,72.0
2021-06-16,45,72.0
2021-06-17,45,73.0
2021-06-18,45,73.0
2021-06-19,45,73.0
2021-06-20,45,74.0
2021-06-21,45,74.0
2021-06-22,45,74.0
2021-06-23,45,75.0
2021-06-24,45,75.0
2021-06-25,45,75.0
2021-06-26,45,75.0
2021-06-27,45,75.0
2021-06-09,46,0.0
2021-06-10,46,0.0
2021-06-11,46,0.0
2021-06-12,46,0.0
2021-06-13,46,0.0
2021-06-14,46,0.0
2021-06-15,46,0.0
2021-06-16,46,0.0
2021-06-17,46,0.0
2021-06-18,46,0.0
2021-06-19,46,0.0
2021-06-20,46,0.0
2021-06-21,46,0.0
2021-06-22,46,0.0
2021-06-23,46,0.0
2021-06-24,46,0.0
2021-06-25,46,0.0
2021-06-26,46,0.0
2021-06-27,46,0.0
2021-06-09,47,0.0
2021-06-10,47,0.0
2021-06-11,47,0.0
2021-06-12,47,0.0
2021-06-13,47,0.0
2021-06-14,47,0.0
2021-06-15,47,0.0
2021-06-16,47,0.0
2021-06-17,47,0.0
2021-06-18,47,0.0
2021-06-19,47,0.0
2021-06-20,47,0.0
2021-06-21,47,0.0
2021-06-22,47,0.0
2021-06-23,47,0.0
2021-06-24,47,0.0
2021-06-25,47,0.0
2021-06-26,47,0.0
2021-06-27,47,0.0
2021-06-09,48,1.0
2021-06-10,48,0.0
2021-06-11,48,0.0
2021-06-12,48,0.0
2021-06-13,48,0.0
2021-06-14,48,0.0
2021-06-15,48,0.0
2021-06-16,48,0.0
2021-06-17,48,0.0
2021-06-18,48,0.0
2021-06-19,48,0.0
2021-06-20,48,0.0
2021-06-21,48,0.0
2021-06-22,48,0.0
2021-06-23,48,0.0
2021-06-24,48,0.0
2021-06-25,48,0.0
2021-06-26,48,0.0
2021-06-27,48,0.0
2021-06-09,49,0.0
2021-06-10,49,0.0
2021-06-11,49,0.0
2021-06-12,49,0.0
2021-06-13,49,0.0
2021-06-14,49,0.0
2021-06-15,49,0.0
2021-06-16,49,0.0
2021-06-17,49,0.0
2021-06-18,49,0.0
2021-06-19,49,0.0
2021-06-20,49,0.0
2021-06-21,49,0.0
2021-06-22,49,0.0
2021-06-23,49,0.0
2021-06-24,49,0.0
2021-06-25,49,0.0
2021-06-26,49,0.0
2021-06-27,49,0.0
2021-06-09,50,0.0
2021-06-10,50,0.0
2021-06-11,50,0.0
2021-06-12,50,0.0
2021-06-13,50,0.0
2021-06-14,50,0.0
2021-06-15,50,0.0
2021-06-16,50,0.0
2021-06-17,50,0.0
2021-06-18,50,0.0
2021-06-19,50,0.0
2021-06-20,50,0.0
2021-06-21,50,0.0
2021-06-22,50,0.0
2021-06-23,50,0.0
2021-06-24,50,0.0
2021-06-25,50,0.0
2021-06-26,50,0.0
2021-06-27,50,0.0
2021-06-09,51,0.0
2021-06-10,51,0.0
2021-06-11,51,0.0
2021-06-12,51,0.0
2021-06-13,51,0.0
2021-06-14,51,0.0
2021-06-15,51,0.0
2021-06-16,51,0.0
2021-06-17,51,0.0
2021-06-18,51,0.0
2021-06-19,51,0.0
2021-06-20,51,0.0
2021-06-21,51,0.0
2021-06-22,51,0.0
2021-06-23,51,0.0
2021-06-24,51,0.0
2021-06-25,51,0.0
2021-06-26,51,0.0
2021-06-27,51,0.0
2021-06-09,52,1.0
2021-06-10,52,0.0
2021-06-11,52,0.0
2021-06-12,52,0.0
2021-06-13,52,0.0
2021-06-14,52,0.0
2021-06-15,52,0.0
2021-06-16,52,0.0
2021-06-17,52,0.0
2021-06-18,52,0.0
2021-06-19,52,0.0
2021-06-20,52,0.0
2021-06-21,52,0.0
2021-06-22,52,0.0
2021-06-23,52,0.0
2021-06-24,52,0.0
2021-06-25,52,0.0
2021-06-26,52,0.0
2021-06-27,52,0.0
2021-06-09,53,2.0
2021-06-10,53,0.0
2021-06-11,53,0.0
2021-06-12,53,0.0
2021-06-13,53,1.0
2021-06-14,53,1.0
2021-06-15,53,1.0
2021-06-16,53,1.0
2021-06-17,53,1.0
2021-06-18,53,1.0
2021-06-19,53,1.0
2021-06-20,53,1.0
2021-06-21,53,1.0
2021-06-22,53,1.0
2021-06-23,53,1.0
2021-06-24,53,1.0
2021-06-25,53,1.0
2021-06-26,53,1.0
2021-06-27,53,1.0
2021-06-09,54,1.0
2021-06-10,54,1.0
2021-06-11,54,1.0
2021-06-12,54,1.0
2021-06-13,54,0.0
2021-06-14,54,0.0
2021-06-15,54,0.0
2021-06-16,54,0.0
2021-06-17,54,0.0
2021-06-18,54,0.0
2021-06-19,54,0.0
2021-06-20,54,0.0
2021-06-21,54,0.0
2021-06-22,54,0.0
2021-06-23,54,0.0
2021-06-24,54,0.0
2021-06-25,54,0.0
2021-06-26,54,0.0
2021-06-27,54,0.0
2021-06-09,55,0.0
2021-06-10,55,0.0
2021-06-11,55,0.0
2021-06-12,55,0.0
2021-06-13,55,0.0
2021-06-14,55,0.0
2021-06-15,55,0.0
2021-06-16,55,0.0
2021-06-17,55,0.0
2021-06-18,55,0.0
2021-06-19,55,0.0
2021-06-20,55,0.0
2021-06-21,55,0.0
2021-06-22,55,0.0
2021-06-23,55,0.0
2021-06-24,55,0.0
2021-06-25,55,0.0
2021-06-26,55,0.0
2021-06-27,55,0.0
2021-06-09,56,6.0
2021-06-10,56,1.0
2021-06-11,56,2.0
2021-06-12,56,2.0
2021-06-13,56,3.0
2021-06-14,56,3.0
2021-06-15,56,3.0
2021-06-16,56,3.0
2021-06-17,56,3.0
2021-06-18,56,3.0
2021-06-19,56,4.0
2021-06-20,56,4.0
2021-06-21,56,4.0
2021-06-22,56,4.0
2021-06-23,56,4.0
2021-06-24,56,4.0
2021-06-25,56,4.0
2021-06-26,56,4.0
2021-06-27,56,4.0
2021-06-09,57,0.0
2021-06-10,57,0.0
2021-06-11,57,0.0
2021-06-12,57,0.0
2021-06-13,57,0.0
2021-06-14,57,0.0
2021-06-15,57,0.0
2021-06-16,57,0.0
2021-06-17,57,0.0
2021-06-18,57,0.0
2021-06-19,57,0.0
2021-06-20,57,0.0
2021-06-21,57,0.0
2021-06-22,57,0.0
2021-06-23,57,0.0
2021-06-24,57,0.0
2021-06-25,57,0.0
2021-06-26,57,0.0
2021-06-27,57,0.0
2021-06-09,58,0.0
2021-06-10,58,0.0
2021-06-11,58,0.0
2021-06-12,58,0.0
2021-06-13,58,0.0
2021-06-14,58,0.0
2021-06-15,58,0.0
2021-06-16,58,0.0
2021-06-17,58,0.0
2021-06-18,58,0.0
2021-06-19,58,0.0
2021-06-20,58,0.0
2021-06-21,58,0.0
2021-06-22,58,0.0
2021-06-23,58,0.0
2021-06-24,58,0.0
2021-06-25,58,0.0
2021-06-26,58,0.0
2021-06-27,58,0.0
2021-06-09,59,0.0
2021-06-10,59,0.0
2021-06-11,59,0.0
2021-06-12,59,0.0
2021-06-13,59,0.0
2021-06-14,59,0.0
2021-06-15,59,0.0
2021-06-16,59,0.0
2021-06-17,59,0.0
2021-06-18,59,0.0
2021-06-19,59,0.0
2021-06-20,59,0.0
2021-06-21,59,0.0
2021-06-22,59,0.0
2021-06-23,59,0.0
2021-06-24,59,0.0
2021-06-25,59,0.0
2021-06-26,59,0.0
2021-06-27,59,0.0
2021-06-09,60,2.0
2021-06-10,60,2.0
2021-06-11,60,1.0
2021-06-12,60,1.0
2021-06-13,60,1.0
2021-06-14,60,1.0
2021-06-15,60,1.0
2021-06-16,60,1.0
2021-06-17,60,1.0
2021-06-18,60,1.0
2021-06-19,60,1.0
2021-06-20,60,1.0
2021-06-21,60,1.0
2021-06-22,60,1.0
2021-06-23,60,1.0
2021-06-24,60,1.0
2021-06-25,60,1.0
2021-06-26,60,1.0
2021-06-27,60,1.0
2021-06-09,61,1.0
2021-06-10,61,1.0
2021-06-11,61,1.0
2021-06-12,61,1.0
2021-06-13,61,1.0
2021-06-14,61,1.0
2021-06-15,61,1.0
2021-06-16,61,1.0
2021-06-17,61,1.0
2021-06-18,61,1.0
2021-06-19,61,1.0
2021-06-20,61,1.0
2021-06-21,61,1.0
2021-06-22,61,1.0
2021-06-23,61,1.0
2021-06-24,61,1.0
2021-06-25,61,1.0
2021-06-26,61,1.0
2021-06-27,61,1.0
2021-06-09,62,824.0
2021-06-10,62,228.0
2021-06-11,62,224.0
2021-06-12,62,220.0
2021-06-13,62,217.0
2021-06-14,62,214.0
2021-06-15,62,211.0
2021-06-16,62,208.0
2021-06-17,62,206.0
2021-06-18,62,204.0
2021-06-19,62,202.0
2021-06-20,62,201.0
2021-06-21,62,199.0
2021-06-22,62,198.0
2021-06-23,62,197.0
2021-06-24,62,195.0
2021-06-25,62,195.0
2021-06-26,62,194.0
2021-06-27,62,193.0
2021-06-09,63,0.0
2021-06-10,63,0.0
2021-06-11,63,0.0
2021-06-12,63,0.0
2021-06-13,63,0.0
2021-06-14,63,0.0
2021-06-15,63,0.0
2021-06-16,63,0.0
2021-06-17,63,0.0
2021-06-18,63,0.0
2021-06-19,63,0.0
2021-06-20,63,0.0
2021-06-21,63,0.0
2021-06-22,63,0.0
2021-06-23,63,0.0
2021-06-24,63,0.0
2021-06-25,63,0.0
2021-06-26,63,0.0
2021-06-27,63,0.0
2021-06-09,64,0.0
2021-06-10,64,0.0
2021-06-11,64,0.0
2021-06-12,64,0.0
2021-06-13,64,0.0
2021-06-14,64,0.0
2021-06-15,64,0.0
2021-06-16,64,0.0
2021-06-17,64,0.0
2021-06-18,64,0.0
2021-06-19,64,0.0
2021-06-20,64,0.0
2021-06-21,64,0.0
2021-06-22,64,0.0
2021-06-23,64,0.0
2021-06-24,64,0.0
2021-06-25,64,0.0
2021-06-26,64,0.0
2021-06-27,64,0.0
2021-06-09,65,0.0
2021-06-10,65,0.0
2021-06-11,65,0.0
2021-06-12,65,0.0
2021-06-13,65,0.0
2021-06-14,65,0.0
2021-06-15,65,0.0
2021-06-16,65,0.0
2021-06-17,65,0.0
2021-06-18,65,0.0
2021-06-19,65,0.0
2021-06-20,65,0.0
2021-06-21,65,0.0
2021-06-22,65,0.0
2021-06-23,65,0.0
2021-06-24,65,0.0
2021-06-25,65,0.0
2021-06-26,65,0.0
2021-06-27,65,0.0
2021-06-09,66,2.0
2021-06-10,66,0.0
2021-06-11,66,0.0
2021-06-12,66,0.0
2021-06-13,66,0.0
2021-06-14,66,0.0
2021-06-15,66,0.0
2021-06-16,66,0.0
2021-06-17,66,0.0
2021-06-18,66,0.0
2021-06-19,66,0.0
2021-06-20,66,0.0
2021-06-21,66,0.0
2021-06-22,66,0.0
2021-06-23,66,0.0
2021-06-24,66,0.0
2021-06-25,66,0.0
2021-06-26,66,0.0
2021-06-27,66,0.0
